PRAGMA foreign_keys=OFF;
BEGIN TRANSACTION;
CREATE TABLE `mikro_orm_migrations` (`id` integer not null primary key autoincrement, `name` varchar(255), `executed_at` datetime default CURRENT_TIMESTAMP);
INSERT INTO mikro_orm_migrations VALUES(1,'Migration20230507094448','2023-05-20 09:46:34');
INSERT INTO mikro_orm_migrations VALUES(2,'Migration20230511142430','2023-05-20 09:46:34');
INSERT INTO mikro_orm_migrations VALUES(3,'Migration20230518040812','2023-05-21 12:43:16');
INSERT INTO mikro_orm_migrations VALUES(4,'Migration20230521024441','2023-05-21 12:43:16');
INSERT INTO mikro_orm_migrations VALUES(5,'Migration20230523112618','2023-05-24 01:04:16');
CREATE TABLE `undb_table` (`id` text not null, `created_at` datetime not null, `updated_at` datetime not null, `deleted_at` datetime null, `name` text not null, `emoji` text not null, `views_order` text null, primary key (`id`));
INSERT INTO undb_table VALUES('tbl4undb0lh',1684577267430,1684577267430,NULL,'Deal Tracker','1f44d','viwnxi5l3qi');
INSERT INTO undb_table VALUES('tblramxgp7z',1684577324093,1684577324093,NULL,'Contacts','1f44d','viw1f88x075');
INSERT INTO undb_table VALUES('tblwqjcq0x8',1684597096588,1684597096588,NULL,'Company','1f44d','viw70p8od12');
INSERT INTO undb_table VALUES('tbl4ezqb49a',1684599288325,1684599288325,NULL,'Title','1f44d','viw9p12yoag');
INSERT INTO undb_table VALUES('tbl2za35hbg',1684655636180,1684655636180,NULL,'Employee onboarding','1f44d','viw3qge14qx');
INSERT INTO undb_table VALUES('tblruubokdc',1684655754437,1684655754437,NULL,'Employees','1f44d','viw2j74tv49');
CREATE TABLE `undb_field` (`id` text not null, `created_at` datetime not null, `updated_at` datetime not null, `deleted_at` datetime null, `table_id` text null, `name` text not null, `description` text null, `system` integer not null default false, `required` integer not null default false, `display` integer not null default false, `type` text not null, `format` text null, `foreign_table_id` text null, `symmetric_reference_field_id` text null, `is_owner` integer null default false, `parent_field_id` text null, `tree_field_id` text null, `max` integer null, `count_reference_field_id` text null, `lookup_reference_field_id` text null, `sum_reference_field_id` text null, `sum_aggregate_field_id` text null, `average_reference_field_id` text null, `average_aggregate_field_id` text null, `time_format` text null, `symbol` text null, constraint `undb_field_table_id_foreign` foreign key(`table_id`) references `undb_table`(`id`) on delete cascade on update cascade, constraint `undb_field_foreign_table_id_foreign` foreign key(`foreign_table_id`) references `undb_table`(`id`) on delete set null on update cascade, constraint `undb_field_symmetric_reference_field_id_foreign` foreign key(`symmetric_reference_field_id`) references `undb_field`(`id`) on delete set null on update cascade, constraint `undb_field_count_reference_field_id_foreign` foreign key(`count_reference_field_id`) references `undb_field`(`id`) on delete set null on update cascade, constraint `undb_field_lookup_reference_field_id_foreign` foreign key(`lookup_reference_field_id`) references `undb_field`(`id`) on delete set null on update cascade, constraint `undb_field_sum_reference_field_id_foreign` foreign key(`sum_reference_field_id`) references `undb_field`(`id`) on delete set null on update cascade, constraint `undb_field_sum_aggregate_field_id_foreign` foreign key(`sum_aggregate_field_id`) references `undb_field`(`id`) on delete set null on update cascade, constraint `undb_field_average_reference_field_id_foreign` foreign key(`average_reference_field_id`) references `undb_field`(`id`) on delete set null on update cascade, constraint `undb_field_average_aggregate_field_id_foreign` foreign key(`average_aggregate_field_id`) references `undb_field`(`id`) on delete set null on update cascade, primary key (`id`));
INSERT INTO undb_field VALUES('fldopx87187',1684577267430,1684577267466,NULL,'tbl4undb0lh','id',NULL,1,0,0,'id',NULL,NULL,NULL,NULL,NULL,NULL,NULL,NULL,NULL,NULL,NULL,NULL,NULL,NULL,NULL);
INSERT INTO undb_field VALUES('fld7m4e9dbz',1684577267430,1684577267466,NULL,'tbl4undb0lh','Deal','deal name ',0,0,1,'string',NULL,NULL,NULL,NULL,NULL,NULL,NULL,NULL,NULL,NULL,NULL,NULL,NULL,NULL,NULL);
INSERT INTO undb_field VALUES('fld4sf2mdr8',1684577267430,1684577267466,NULL,'tbl4undb0lh','Stage',NULL,0,1,0,'select',NULL,NULL,NULL,NULL,NULL,NULL,NULL,NULL,NULL,NULL,NULL,NULL,NULL,NULL,NULL);
INSERT INTO undb_field VALUES('fld7vd9ir75',1684577267431,1684577267466,NULL,'tbl4undb0lh','createdAt',NULL,1,0,0,'created-at','yyyy-MM-dd',NULL,NULL,NULL,NULL,NULL,NULL,NULL,NULL,NULL,NULL,NULL,NULL,NULL,NULL);
INSERT INTO undb_field VALUES('fldx5w2pcft',1684577267431,1684577267466,NULL,'tbl4undb0lh','createdBy',NULL,1,0,0,'created-by',NULL,NULL,NULL,NULL,NULL,NULL,NULL,NULL,NULL,NULL,NULL,NULL,NULL,NULL,NULL);
INSERT INTO undb_field VALUES('fld8ql20jlm',1684577267431,1684577267466,NULL,'tbl4undb0lh','updatedAt',NULL,1,0,0,'updated-at','yyyy-MM-dd',NULL,NULL,NULL,NULL,NULL,NULL,NULL,NULL,NULL,NULL,NULL,NULL,NULL,NULL);
INSERT INTO undb_field VALUES('fldxq7kp4eu',1684577267431,1684577267466,NULL,'tbl4undb0lh','updatedBy',NULL,1,0,0,'updated-by',NULL,NULL,NULL,NULL,NULL,NULL,NULL,NULL,NULL,NULL,NULL,NULL,NULL,NULL,NULL);
INSERT INTO undb_field VALUES('fldtefbcm18',1684577290100,1684577290126,NULL,'tbl4undb0lh','Owner',NULL,0,0,0,'collaborator',NULL,NULL,NULL,NULL,NULL,NULL,NULL,NULL,NULL,NULL,NULL,NULL,NULL,NULL,NULL);
INSERT INTO undb_field VALUES('flderd3a3rc',1684577324093,1684577324122,NULL,'tblramxgp7z','id',NULL,1,0,0,'id',NULL,NULL,NULL,NULL,NULL,NULL,NULL,NULL,NULL,NULL,NULL,NULL,NULL,NULL,NULL);
INSERT INTO undb_field VALUES('fldel2i4v7v',1684577324094,1684577324122,NULL,'tblramxgp7z','Contact','contact name',0,0,1,'string',NULL,NULL,NULL,NULL,NULL,NULL,NULL,NULL,NULL,NULL,NULL,NULL,NULL,NULL,NULL);
INSERT INTO undb_field VALUES('fldconkpc7g',1684577324094,1684577324122,NULL,'tblramxgp7z','createdAt',NULL,1,0,0,'created-at','yyyy-MM-dd',NULL,NULL,NULL,NULL,NULL,NULL,NULL,NULL,NULL,NULL,NULL,NULL,NULL,NULL);
INSERT INTO undb_field VALUES('fld7smzf5np',1684577324094,1684577324122,NULL,'tblramxgp7z','createdBy',NULL,1,0,0,'created-by',NULL,NULL,NULL,NULL,NULL,NULL,NULL,NULL,NULL,NULL,NULL,NULL,NULL,NULL,NULL);
INSERT INTO undb_field VALUES('fldelspnzaq',1684577324094,1684577324122,NULL,'tblramxgp7z','updatedAt',NULL,1,0,0,'updated-at','yyyy-MM-dd',NULL,NULL,NULL,NULL,NULL,NULL,NULL,NULL,NULL,NULL,NULL,NULL,NULL,NULL);
INSERT INTO undb_field VALUES('fldpkr0phjz',1684577324094,1684577324122,NULL,'tblramxgp7z','updatedBy',NULL,1,0,0,'updated-by',NULL,NULL,NULL,NULL,NULL,NULL,NULL,NULL,NULL,NULL,NULL,NULL,NULL,NULL,NULL);
INSERT INTO undb_field VALUES('fld5vld4clt',1684577348149,1684577348170,NULL,'tbl4undb0lh','Contacts',NULL,0,0,0,'reference',NULL,'tblramxgp7z','fldmz9qd18u',1,NULL,NULL,NULL,NULL,NULL,NULL,NULL,NULL,NULL,NULL,NULL);
INSERT INTO undb_field VALUES('fldmz9qd18u',1684577348168,1684577348168,NULL,'tblramxgp7z','Deal Tracker',NULL,0,0,0,'reference',NULL,'tbl4undb0lh','fld5vld4clt',0,NULL,NULL,NULL,NULL,NULL,NULL,NULL,NULL,NULL,NULL,NULL);
INSERT INTO undb_field VALUES('fldghc0rw09',1684580952905,1684580952931,NULL,'tbl4undb0lh','Priority',NULL,0,0,0,'select',NULL,NULL,NULL,NULL,NULL,NULL,NULL,NULL,NULL,NULL,NULL,NULL,NULL,NULL,NULL);
INSERT INTO undb_field VALUES('fldjyupbqlm',1684581148218,1684581148242,NULL,'tbl4undb0lh','Deal Length',NULL,0,0,0,'date-range','yyyy-MM-dd',NULL,NULL,NULL,NULL,NULL,NULL,NULL,NULL,NULL,NULL,NULL,NULL,NULL,NULL);
INSERT INTO undb_field VALUES('fld0f8xaf8q',1684581180852,1684581204035,NULL,'tbl4undb0lh','Deal Value','$',0,0,0,'number',NULL,NULL,NULL,NULL,NULL,NULL,NULL,NULL,NULL,NULL,NULL,NULL,NULL,NULL,NULL);
INSERT INTO undb_field VALUES('fldqpn61v8h',1684581231068,1684581231093,NULL,'tbl4undb0lh','Close Date',NULL,0,0,0,'date','yyyy-MM-dd',NULL,NULL,NULL,NULL,NULL,NULL,NULL,NULL,NULL,NULL,NULL,NULL,NULL,NULL);
INSERT INTO undb_field VALUES('fld2u4gkap9',1684581247030,1684581247050,NULL,'tbl4undb0lh','Deal Creation Date',NULL,0,0,0,'date','yyyy-MM-dd',NULL,NULL,NULL,NULL,NULL,NULL,NULL,NULL,NULL,NULL,NULL,NULL,NULL,NULL);
INSERT INTO undb_field VALUES('fldcamelfi7',1684581555250,1684581555278,NULL,'tblramxgp7z','Type',NULL,0,0,0,'select',NULL,NULL,NULL,NULL,NULL,NULL,NULL,NULL,NULL,NULL,NULL,NULL,NULL,NULL,NULL);
INSERT INTO undb_field VALUES('fldqojjbrau',1684596981406,1684596981427,NULL,'tblramxgp7z','Email',NULL,0,0,0,'email',NULL,NULL,NULL,NULL,NULL,NULL,NULL,NULL,NULL,NULL,NULL,NULL,NULL,NULL,NULL);
INSERT INTO undb_field VALUES('fldovc5s8pe',1684596988567,1684597112361,1684597112360,'tblramxgp7z','Company',NULL,0,0,0,'string',NULL,NULL,NULL,NULL,NULL,NULL,NULL,NULL,NULL,NULL,NULL,NULL,NULL,NULL,NULL);
INSERT INTO undb_field VALUES('fldpq4mvj6c',1684597040388,1684597040413,NULL,'tblramxgp7z','Phone','phone number',0,0,0,'string',NULL,NULL,NULL,NULL,NULL,NULL,NULL,NULL,NULL,NULL,NULL,NULL,NULL,NULL,NULL);
INSERT INTO undb_field VALUES('fldzfu3x1ft',1684597096588,1684597096613,NULL,'tblwqjcq0x8','id',NULL,1,0,0,'id',NULL,NULL,NULL,NULL,NULL,NULL,NULL,NULL,NULL,NULL,NULL,NULL,NULL,NULL,NULL);
INSERT INTO undb_field VALUES('fldo4mvc3bq',1684597096588,1684597096613,NULL,'tblwqjcq0x8','Company','company name',0,0,1,'string',NULL,NULL,NULL,NULL,NULL,NULL,NULL,NULL,NULL,NULL,NULL,NULL,NULL,NULL,NULL);
INSERT INTO undb_field VALUES('fldozbddvfk',1684597096588,1684597096613,NULL,'tblwqjcq0x8','createdAt',NULL,1,0,0,'created-at','yyyy-MM-dd',NULL,NULL,NULL,NULL,NULL,NULL,NULL,NULL,NULL,NULL,NULL,NULL,NULL,NULL);
INSERT INTO undb_field VALUES('fldapuzxp1y',1684597096588,1684597096613,NULL,'tblwqjcq0x8','createdBy',NULL,1,0,0,'created-by',NULL,NULL,NULL,NULL,NULL,NULL,NULL,NULL,NULL,NULL,NULL,NULL,NULL,NULL,NULL);
INSERT INTO undb_field VALUES('fldurfpiosy',1684597096588,1684597096613,NULL,'tblwqjcq0x8','updatedAt',NULL,1,0,0,'updated-at','yyyy-MM-dd',NULL,NULL,NULL,NULL,NULL,NULL,NULL,NULL,NULL,NULL,NULL,NULL,NULL,NULL);
INSERT INTO undb_field VALUES('fld2mh42tvf',1684597096588,1684597096613,NULL,'tblwqjcq0x8','updatedBy',NULL,1,0,0,'updated-by',NULL,NULL,NULL,NULL,NULL,NULL,NULL,NULL,NULL,NULL,NULL,NULL,NULL,NULL,NULL);
INSERT INTO undb_field VALUES('fldrlmpebtz',1684597104042,1684599262104,1684599262103,'tblwqjcq0x8','Title','',0,0,1,'string',NULL,NULL,NULL,NULL,NULL,NULL,NULL,NULL,NULL,NULL,NULL,NULL,NULL,NULL,NULL);
INSERT INTO undb_field VALUES('fldtgvzjaoj',1684597172260,1684597172278,NULL,'tblramxgp7z','Company',NULL,0,0,0,'reference',NULL,'tblwqjcq0x8','fldrjp6v8xl',1,NULL,NULL,NULL,NULL,NULL,NULL,NULL,NULL,NULL,NULL,NULL);
INSERT INTO undb_field VALUES('fldrjp6v8xl',1684597172276,1684597172276,NULL,'tblwqjcq0x8','Contacts',NULL,0,0,0,'reference',NULL,'tblramxgp7z','fldtgvzjaoj',0,NULL,NULL,NULL,NULL,NULL,NULL,NULL,NULL,NULL,NULL,NULL);
INSERT INTO undb_field VALUES('fldn8qkrzwi',1684597224553,1684599359046,1684599359046,'tblramxgp7z','Title',NULL,0,0,0,'lookup',NULL,NULL,NULL,NULL,NULL,NULL,NULL,NULL,'fldtgvzjaoj',NULL,NULL,NULL,NULL,NULL,NULL);
INSERT INTO undb_field VALUES('fldgbowxfbc',1684597247673,1684597247694,NULL,'tblramxgp7z','Comments',NULL,0,0,0,'string',NULL,NULL,NULL,NULL,NULL,NULL,NULL,NULL,NULL,NULL,NULL,NULL,NULL,NULL,NULL);
INSERT INTO undb_field VALUES('fld6pd0v553',1684599118649,1684599200681,1684599200680,'tblwqjcq0x8','Title Name',NULL,0,0,0,'tree',NULL,NULL,NULL,NULL,'fld5kzdse27',NULL,NULL,NULL,NULL,NULL,NULL,NULL,NULL,NULL,NULL);
INSERT INTO undb_field VALUES('fld5kzdse27',1684599118651,1684599204842,1684599204842,'tblwqjcq0x8','Company Name','',0,0,0,'parent',NULL,NULL,NULL,NULL,NULL,'fld6pd0v553',NULL,NULL,NULL,NULL,NULL,NULL,NULL,NULL,NULL);
INSERT INTO undb_field VALUES('fldnpyc4w0l',1684599288325,1684599288343,NULL,'tbl4ezqb49a','id',NULL,1,0,0,'id',NULL,NULL,NULL,NULL,NULL,NULL,NULL,NULL,NULL,NULL,NULL,NULL,NULL,NULL,NULL);
INSERT INTO undb_field VALUES('fldvpb5tbbc',1684599288325,1684599288343,NULL,'tbl4ezqb49a','Title','Title Name',0,0,1,'string',NULL,NULL,NULL,NULL,NULL,NULL,NULL,NULL,NULL,NULL,NULL,NULL,NULL,NULL,NULL);
INSERT INTO undb_field VALUES('fldyaf9zrt8',1684599288325,1684599288343,NULL,'tbl4ezqb49a','createdAt',NULL,1,0,0,'created-at','yyyy-MM-dd',NULL,NULL,NULL,NULL,NULL,NULL,NULL,NULL,NULL,NULL,NULL,NULL,NULL,NULL);
INSERT INTO undb_field VALUES('fld29n86hi3',1684599288325,1684599288343,NULL,'tbl4ezqb49a','createdBy',NULL,1,0,0,'created-by',NULL,NULL,NULL,NULL,NULL,NULL,NULL,NULL,NULL,NULL,NULL,NULL,NULL,NULL,NULL);
INSERT INTO undb_field VALUES('fldka6qo796',1684599288325,1684599288343,NULL,'tbl4ezqb49a','updatedAt',NULL,1,0,0,'updated-at','yyyy-MM-dd',NULL,NULL,NULL,NULL,NULL,NULL,NULL,NULL,NULL,NULL,NULL,NULL,NULL,NULL);
INSERT INTO undb_field VALUES('fldtn1k1f67',1684599288325,1684599288343,NULL,'tbl4ezqb49a','updatedBy',NULL,1,0,0,'updated-by',NULL,NULL,NULL,NULL,NULL,NULL,NULL,NULL,NULL,NULL,NULL,NULL,NULL,NULL,NULL);
INSERT INTO undb_field VALUES('fldlosp8skm',1684599347668,1684599347668,NULL,'tblwqjcq0x8','Title',NULL,0,0,0,'reference',NULL,'tbl4ezqb49a',NULL,0,NULL,NULL,NULL,NULL,NULL,NULL,NULL,NULL,NULL,NULL,NULL);
INSERT INTO undb_field VALUES('fldamnv8ghw',1684599441815,1684599500838,NULL,'tblwqjcq0x8','Title Name','',0,0,1,'string',NULL,NULL,NULL,NULL,NULL,NULL,NULL,NULL,NULL,NULL,NULL,NULL,NULL,NULL,NULL);
INSERT INTO undb_field VALUES('fld7a5vkk4j',1684599517049,1684599517074,NULL,'tblramxgp7z','Title',NULL,0,0,0,'lookup',NULL,NULL,NULL,NULL,NULL,NULL,NULL,NULL,'fldtgvzjaoj',NULL,NULL,NULL,NULL,NULL,NULL);
INSERT INTO undb_field VALUES('fldo6wz3szd',1684655636180,1684655636217,NULL,'tbl2za35hbg','id',NULL,1,0,0,'id',NULL,NULL,NULL,NULL,NULL,NULL,NULL,NULL,NULL,NULL,NULL,NULL,NULL,NULL,NULL);
INSERT INTO undb_field VALUES('fldskwotpjg',1684655636180,1684655636217,NULL,'tbl2za35hbg','Employee','employee name',0,0,1,'string',NULL,NULL,NULL,NULL,NULL,NULL,NULL,NULL,NULL,NULL,NULL,NULL,NULL,NULL,NULL);
INSERT INTO undb_field VALUES('fldr3t33atc',1684655636181,1684655636217,NULL,'tbl2za35hbg','Status',NULL,0,0,0,'select',NULL,NULL,NULL,NULL,NULL,NULL,NULL,NULL,NULL,NULL,NULL,NULL,NULL,NULL,NULL);
INSERT INTO undb_field VALUES('fldd55dsm2m',1684655636181,1684655636217,NULL,'tbl2za35hbg','HR responsible',NULL,0,0,0,'collaborator',NULL,NULL,NULL,NULL,NULL,NULL,NULL,NULL,NULL,NULL,NULL,NULL,NULL,NULL,NULL);
INSERT INTO undb_field VALUES('fldxx0cyu8w',1684655636182,1684655636217,NULL,'tbl2za35hbg','Email',NULL,0,0,0,'email',NULL,NULL,NULL,NULL,NULL,NULL,NULL,NULL,NULL,NULL,NULL,NULL,NULL,NULL,NULL);
INSERT INTO undb_field VALUES('fldqjxpupfu',1684655636183,1684655636217,NULL,'tbl2za35hbg','Phone','phone number',0,0,0,'string',NULL,NULL,NULL,NULL,NULL,NULL,NULL,NULL,NULL,NULL,NULL,NULL,NULL,NULL,NULL);
INSERT INTO undb_field VALUES('fld19njyj50',1684655636183,1684655636217,NULL,'tbl2za35hbg','Position',NULL,0,0,0,'string',NULL,NULL,NULL,NULL,NULL,NULL,NULL,NULL,NULL,NULL,NULL,NULL,NULL,NULL,NULL);
INSERT INTO undb_field VALUES('fld67w65koz',1684655636183,1684655636217,NULL,'tbl2za35hbg','Department',NULL,0,0,0,'select',NULL,NULL,NULL,NULL,NULL,NULL,NULL,NULL,NULL,NULL,NULL,NULL,NULL,NULL,NULL);
INSERT INTO undb_field VALUES('fld92yn7hcf',1684655636183,1684655636217,NULL,'tbl2za35hbg','createdAt',NULL,1,0,0,'created-at','yyyy-MM-dd',NULL,NULL,NULL,NULL,NULL,NULL,NULL,NULL,NULL,NULL,NULL,NULL,NULL,NULL);
INSERT INTO undb_field VALUES('fldyxr4fgcj',1684655636183,1684655636217,NULL,'tbl2za35hbg','createdBy',NULL,1,0,0,'created-by',NULL,NULL,NULL,NULL,NULL,NULL,NULL,NULL,NULL,NULL,NULL,NULL,NULL,NULL,NULL);
INSERT INTO undb_field VALUES('fld52ryjekr',1684655636183,1684655636217,NULL,'tbl2za35hbg','updatedAt',NULL,1,0,0,'updated-at','yyyy-MM-dd',NULL,NULL,NULL,NULL,NULL,NULL,NULL,NULL,NULL,NULL,NULL,NULL,NULL,NULL);
INSERT INTO undb_field VALUES('fldwbr3sb09',1684655636183,1684655636217,NULL,'tbl2za35hbg','updatedBy',NULL,1,0,0,'updated-by',NULL,NULL,NULL,NULL,NULL,NULL,NULL,NULL,NULL,NULL,NULL,NULL,NULL,NULL,NULL);
INSERT INTO undb_field VALUES('fldh65rro60',1684655754437,1684655754459,NULL,'tblruubokdc','id',NULL,1,0,0,'id',NULL,NULL,NULL,NULL,NULL,NULL,NULL,NULL,NULL,NULL,NULL,NULL,NULL,NULL,NULL);
INSERT INTO undb_field VALUES('fldhrrqqlqh',1684655754437,1684657570979,NULL,'tblruubokdc','Employee','',0,0,0,'string',NULL,NULL,NULL,NULL,NULL,NULL,NULL,NULL,NULL,NULL,NULL,NULL,NULL,NULL,NULL);
INSERT INTO undb_field VALUES('fld0gmmj29q',1684655754437,1684657565944,NULL,'tblruubokdc','Title','',0,0,1,'string',NULL,NULL,NULL,NULL,NULL,NULL,NULL,NULL,NULL,NULL,NULL,NULL,NULL,NULL,NULL);
INSERT INTO undb_field VALUES('fldjrqmbjni',1684655754437,1684655754459,NULL,'tblruubokdc','createdAt',NULL,1,0,0,'created-at','yyyy-MM-dd',NULL,NULL,NULL,NULL,NULL,NULL,NULL,NULL,NULL,NULL,NULL,NULL,NULL,NULL);
INSERT INTO undb_field VALUES('fldgt1q5u09',1684655754437,1684655754459,NULL,'tblruubokdc','createdBy',NULL,1,0,0,'created-by',NULL,NULL,NULL,NULL,NULL,NULL,NULL,NULL,NULL,NULL,NULL,NULL,NULL,NULL,NULL);
INSERT INTO undb_field VALUES('fld462h34dx',1684655754437,1684655754459,NULL,'tblruubokdc','updatedAt',NULL,1,0,0,'updated-at','yyyy-MM-dd',NULL,NULL,NULL,NULL,NULL,NULL,NULL,NULL,NULL,NULL,NULL,NULL,NULL,NULL);
INSERT INTO undb_field VALUES('fldzpxkf4wc',1684655754437,1684655754460,NULL,'tblruubokdc','updatedBy',NULL,1,0,0,'updated-by',NULL,NULL,NULL,NULL,NULL,NULL,NULL,NULL,NULL,NULL,NULL,NULL,NULL,NULL,NULL);
INSERT INTO undb_field VALUES('fldfpeufgq3',1684657625780,1684657625780,NULL,'tbl2za35hbg','Reporting manager',NULL,0,0,0,'reference',NULL,'tblruubokdc',NULL,0,NULL,NULL,NULL,NULL,NULL,NULL,NULL,NULL,NULL,NULL,NULL);
INSERT INTO undb_field VALUES('fldui7hrx2t',1684657651403,1684657651422,NULL,'tbl2za35hbg','Date of joining',NULL,0,0,0,'date','yyyy-MM-dd',NULL,NULL,NULL,NULL,NULL,NULL,NULL,NULL,NULL,NULL,NULL,NULL,NULL,NULL);
INSERT INTO undb_field VALUES('fld38j2aoqw',1684657728406,1684657728431,NULL,'tbl2za35hbg','Physical workplace',NULL,0,0,0,'select',NULL,NULL,NULL,NULL,NULL,NULL,NULL,NULL,NULL,NULL,NULL,NULL,NULL,NULL,NULL);
INSERT INTO undb_field VALUES('fldmjxybwnt',1684657850773,1684657850796,NULL,'tbl2za35hbg','Software workplace',NULL,0,0,0,'select',NULL,NULL,NULL,NULL,NULL,NULL,NULL,NULL,NULL,NULL,NULL,NULL,NULL,NULL,NULL);
INSERT INTO undb_field VALUES('fldntjvterl',1684657896209,1684657896229,NULL,'tbl2za35hbg','Send welcome email',NULL,0,0,0,'select',NULL,NULL,NULL,NULL,NULL,NULL,NULL,NULL,NULL,NULL,NULL,NULL,NULL,NULL,NULL);
INSERT INTO undb_field VALUES('fldu3ll00ho',1684657920293,1684657920317,NULL,'tbl2za35hbg','Company email','company email',0,0,0,'email',NULL,NULL,NULL,NULL,NULL,NULL,NULL,NULL,NULL,NULL,NULL,NULL,NULL,NULL,NULL);
INSERT INTO undb_field VALUES('fldy60tdkfr',1684657974107,1684657974134,NULL,'tbl2za35hbg','Onboarding meeting with HR',NULL,0,0,0,'select',NULL,NULL,NULL,NULL,NULL,NULL,NULL,NULL,NULL,NULL,NULL,NULL,NULL,NULL,NULL);
INSERT INTO undb_field VALUES('fld4a04leij',1684658017413,1684658017434,NULL,'tbl2za35hbg','schedule training sessions',NULL,0,0,0,'select',NULL,NULL,NULL,NULL,NULL,NULL,NULL,NULL,NULL,NULL,NULL,NULL,NULL,NULL,NULL);
INSERT INTO undb_field VALUES('fldng2e0uhl',1684658032532,1684658032552,NULL,'tbl2za35hbg','Responsible to the onboarding',NULL,0,0,0,'collaborator',NULL,NULL,NULL,NULL,NULL,NULL,NULL,NULL,NULL,NULL,NULL,NULL,NULL,NULL,NULL);
INSERT INTO undb_field VALUES('fldkd8gvemb',1684658052725,1684658052737,NULL,'tbl2za35hbg','Performance 1st week',NULL,0,0,0,'rating',NULL,NULL,NULL,NULL,NULL,NULL,5,NULL,NULL,NULL,NULL,NULL,NULL,NULL,NULL);
INSERT INTO undb_field VALUES('fld5pgga2xx',1684658067684,1684658067702,NULL,'tbl2za35hbg','Performance 1st month',NULL,0,0,0,'rating',NULL,NULL,NULL,NULL,NULL,NULL,5,NULL,NULL,NULL,NULL,NULL,NULL,NULL,NULL);
CREATE TABLE `undb_option` (`key` text not null, `created_at` datetime not null, `updated_at` datetime not null, `deleted_at` datetime null, `field_id` text null, `name` text not null, `color_name` text not null, `color_shade` integer not null, constraint `undb_option_field_id_foreign` foreign key(`field_id`) references `undb_field`(`id`) on delete cascade on update cascade, primary key (`key`));
INSERT INTO undb_option VALUES('optuo8m1',1684577267430,1684577267430,NULL,'fld4sf2mdr8','New','gray',5);
INSERT INTO undb_option VALUES('optapz93',1684577267430,1684577267430,NULL,'fld4sf2mdr8','Discovery','blue',5);
INSERT INTO undb_option VALUES('opteh974',1684577267430,1684577267430,NULL,'fld4sf2mdr8','Proposal','emerald',5);
INSERT INTO undb_option VALUES('opts4t4w',1684577267430,1684577267430,NULL,'fld4sf2mdr8','Negotiation','violet',5);
INSERT INTO undb_option VALUES('optdczmv',1684577267430,1684577267430,NULL,'fld4sf2mdr8','Won','lime',5);
INSERT INTO undb_option VALUES('optygwq0',1684577267430,1684577267430,NULL,'fld4sf2mdr8','Lost','red',5);
INSERT INTO undb_option VALUES('optua38g',1684580952905,1684580952905,NULL,'fldghc0rw09','Hight','rose',5);
INSERT INTO undb_option VALUES('opty4o0z',1684580952905,1684580952905,NULL,'fldghc0rw09','Medium','yellow',5);
INSERT INTO undb_option VALUES('opt68d8z',1684580952905,1684580952905,NULL,'fldghc0rw09','Low','green',5);
INSERT INTO undb_option VALUES('opt88amk',1684581555250,1684581555250,NULL,'fldcamelfi7','Customer','indigo',5);
INSERT INTO undb_option VALUES('opt0ucwc',1684581555250,1684581555250,NULL,'fldcamelfi7','Qualified Lead','emerald',5);
INSERT INTO undb_option VALUES('opthjypi',1684581555250,1684581555250,NULL,'fldcamelfi7','Partner','amber',5);
INSERT INTO undb_option VALUES('optqutxq',1684581555250,1684581555250,NULL,'fldcamelfi7','Vendor','blue',5);
INSERT INTO undb_option VALUES('optsgc8w',1684655636181,1684655636181,NULL,'fldr3t33atc','Pre Arrival','neutral',5);
INSERT INTO undb_option VALUES('opt8ef1v',1684655636181,1684655636181,NULL,'fldr3t33atc','First Day','rose',5);
INSERT INTO undb_option VALUES('optjsdp6',1684655636181,1684655636181,NULL,'fldr3t33atc','First Week','violet',5);
INSERT INTO undb_option VALUES('optgin1z',1684655636181,1684655636181,NULL,'fldr3t33atc','First Month','blue',5);
INSERT INTO undb_option VALUES('optlottl',1684655636181,1684655636181,NULL,'fldr3t33atc','Onboarded','emerald',5);
INSERT INTO undb_option VALUES('optpg4ya',1684655636183,1684655636183,NULL,'fld67w65koz','Design','orange',5);
INSERT INTO undb_option VALUES('optjehd9',1684655636183,1684655636183,NULL,'fld67w65koz','IT','yellow',5);
INSERT INTO undb_option VALUES('optk8vx1',1684655636183,1684655636183,NULL,'fld67w65koz','Security','fuchsia',5);
INSERT INTO undb_option VALUES('opts4ao9',1684655636183,1684655636183,NULL,'fld67w65koz','Customer Support','emerald',5);
INSERT INTO undb_option VALUES('opt8h6fl',1684655636183,1684655636183,NULL,'fld67w65koz','Marketing','red',5);
INSERT INTO undb_option VALUES('optz0o9e',1684655636183,1684655636183,NULL,'fld67w65koz','HR','rose',5);
INSERT INTO undb_option VALUES('opt0g9hh',1684655636183,1684655636183,NULL,'fld67w65koz','Partners','violet',5);
INSERT INTO undb_option VALUES('optake1d',1684655636183,1684655636183,NULL,'fld67w65koz','R&D','sky',5);
INSERT INTO undb_option VALUES('optrhqo9',1684655636183,1684655636183,NULL,'fld67w65koz','Sales','blue',5);
INSERT INTO undb_option VALUES('opth45w2',1684655636183,1684655636183,NULL,'fld67w65koz','Operation','pink',5);
INSERT INTO undb_option VALUES('opt44dfp',1684655636183,1684655636183,NULL,'fld67w65koz','Finance','green',5);
INSERT INTO undb_option VALUES('optuieaz',1684655636183,1684655636183,NULL,'fld67w65koz','Mobile','amber',5);
INSERT INTO undb_option VALUES('optmelkt',1684655636183,1684655636183,NULL,'fld67w65koz',' ','neutral',5);
INSERT INTO undb_option VALUES('opt4lu2m',1684657728406,1684657728406,NULL,'fld38j2aoqw','Done','emerald',5);
INSERT INTO undb_option VALUES('optks9w7',1684657728406,1684657728406,NULL,'fld38j2aoqw','Working on it','orange',5);
INSERT INTO undb_option VALUES('optcarg3',1684657728406,1684657728406,NULL,'fld38j2aoqw','Stuck','rose',5);
INSERT INTO undb_option VALUES('opttmurc',1684657728406,1684657728406,NULL,'fld38j2aoqw',' ','slate',5);
INSERT INTO undb_option VALUES('optlhx0u',1684657850773,1684657850773,NULL,'fldmjxybwnt','Done ','emerald',5);
INSERT INTO undb_option VALUES('opt4ra5l',1684657850773,1684657850773,NULL,'fldmjxybwnt','Working on it','orange',5);
INSERT INTO undb_option VALUES('opt4la7z',1684657850773,1684657850773,NULL,'fldmjxybwnt','stuck','rose',5);
INSERT INTO undb_option VALUES('optqqamc',1684657850773,1684657850773,NULL,'fldmjxybwnt',' ','slate',5);
INSERT INTO undb_option VALUES('opt0cxih',1684657896209,1684657896209,NULL,'fldntjvterl','Done','emerald',5);
INSERT INTO undb_option VALUES('opt6moby',1684657896209,1684657896209,NULL,'fldntjvterl','Working on it','orange',5);
INSERT INTO undb_option VALUES('optrxxd8',1684657896209,1684657896209,NULL,'fldntjvterl','Stuck','rose',5);
INSERT INTO undb_option VALUES('opt27124',1684657896209,1684657896209,NULL,'fldntjvterl',' ','slate',5);
INSERT INTO undb_option VALUES('optap9r0',1684657974107,1684657974107,NULL,'fldy60tdkfr','Done','emerald',5);
INSERT INTO undb_option VALUES('optz8twl',1684657974107,1684657974107,NULL,'fldy60tdkfr','Working on it','orange',5);
INSERT INTO undb_option VALUES('optr48gc',1684657974107,1684657974107,NULL,'fldy60tdkfr','Stuck','rose',5);
INSERT INTO undb_option VALUES('optybpi2',1684657974107,1684657974107,NULL,'fldy60tdkfr',' ','slate',5);
INSERT INTO undb_option VALUES('optuqbtr',1684658017413,1684658017413,NULL,'fld4a04leij','Done','emerald',5);
INSERT INTO undb_option VALUES('optzq9lr',1684658017413,1684658017413,NULL,'fld4a04leij','Working on it','orange',5);
INSERT INTO undb_option VALUES('optukskn',1684658017413,1684658017413,NULL,'fld4a04leij','Stuck','rose',5);
INSERT INTO undb_option VALUES('optsij84',1684658017413,1684658017413,NULL,'fld4a04leij',' ','slate',5);
CREATE TABLE `undb_attachment` (`id` text not null, `record_id` text not null, `created_at` datetime not null, `updated_at` datetime not null, `deleted_at` datetime null, `table_id` text not null, `mime_type` text not null, `name` text not null, `size` integer not null, `token` text not null, `url` text not null, `extension` text not null, constraint `undb_attachment_table_id_foreign` foreign key(`table_id`) references `undb_table`(`id`) on update cascade, primary key (`id`, `record_id`));
CREATE TABLE `undb_field_display_fields` (`field_1_id` text not null, `field_2_id` text not null, constraint `undb_field_display_fields_field_1_id_foreign` foreign key(`field_1_id`) references `undb_field`(`id`) on delete cascade on update cascade, constraint `undb_field_display_fields_field_2_id_foreign` foreign key(`field_2_id`) references `undb_field`(`id`) on delete cascade on update cascade, primary key (`field_1_id`, `field_2_id`));
INSERT INTO undb_field_display_fields VALUES('fld5vld4clt','fldel2i4v7v');
INSERT INTO undb_field_display_fields VALUES('fldn8qkrzwi','fldrlmpebtz');
INSERT INTO undb_field_display_fields VALUES('fld6pd0v553','fldrlmpebtz');
INSERT INTO undb_field_display_fields VALUES('fld5kzdse27','fldrlmpebtz');
INSERT INTO undb_field_display_fields VALUES('fld5kzdse27','fldo4mvc3bq');
INSERT INTO undb_field_display_fields VALUES('fldlosp8skm','fldvpb5tbbc');
INSERT INTO undb_field_display_fields VALUES('fld7a5vkk4j','fldamnv8ghw');
INSERT INTO undb_field_display_fields VALUES('fldfpeufgq3','fld0gmmj29q');
CREATE TABLE `undb_user` (`id` text not null, `created_at` datetime not null, `updated_at` datetime not null, `deleted_at` datetime null, `avatar` text null, `username` text not null, `email` text not null, `password` text not null, `color` text not null default 'blue', primary key (`id`));
INSERT INTO undb_user VALUES('usrzvhv8srb',1684576050811,1684576050811,NULL,NULL,'wanshufen','wanshufen@gmail.com','$2b$10$WWb61jyIP.k2diCCHVwcWOAm5xigGGu8sV5/NZpqB.9X5rme/v68u','blue');
INSERT INTO undb_user VALUES('usrj6jt1c8a',1684890220733,1684890220733,NULL,NULL,'test','test@example.com','$2b$10$SJhmTX3U//JCTUVRYgM2MuxyyYkVRkpg6wOaGEmSrw1L7qjxA.Qnu','sky');
CREATE TABLE `undb_virsualization` (`id` text not null, `created_at` datetime not null, `updated_at` datetime not null, `deleted_at` datetime null, `name` text not null, `type` text not null, `table_id` text null, `number_aggregate_function` text null, `field_id` text null, `chart_aggregate_function` text null, `chart_type` text null, constraint `undb_virsualization_table_id_foreign` foreign key(`table_id`) references `undb_table`(`id`) on delete cascade on update cascade, primary key (`id`));
INSERT INTO undb_virsualization VALUES('vir5353gfgf',1684661009070,1684661009070,NULL,'柱状图','chart','tbl2za35hbg',NULL,'fldr3t33atc','count','bar');
INSERT INTO undb_virsualization VALUES('virc6ae7eok',1684661041511,1684661041511,NULL,'计数','number','tbl2za35hbg',NULL,NULL,NULL,NULL);
INSERT INTO undb_virsualization VALUES('vir4qvwxtmp',1684661047519,1684661054377,NULL,'柱状图','chart','tbl2za35hbg',NULL,'fld67w65koz','count','bar');
INSERT INTO undb_virsualization VALUES('vir585o7pkz',1684661061383,1684661068653,NULL,'柱状图','chart','tbl2za35hbg',NULL,'fld67w65koz','count','bar');
CREATE TABLE `undb_widge` (`id` text not null, `created_at` datetime not null, `updated_at` datetime not null, `deleted_at` datetime null, `layout` json not null, `view_id` text not null, `virsualization_id` text null, constraint `undb_widge_view_id_foreign` foreign key(`view_id`) references `undb_view`(`id`) on update cascade, constraint `undb_widge_virsualization_id_foreign` foreign key(`virsualization_id`) references `undb_virsualization`(`id`) on delete set null on update cascade, primary key (`id`));
INSERT INTO undb_widge VALUES('wid2c1qxm9o',1684661009070,1684661085400,NULL,'{"x":0,"y":0,"h":4,"w":6}','viw3qge14qx','vir5353gfgf');
INSERT INTO undb_widge VALUES('wide8odhgnl',1684661041511,1684661045009,1684661045009,'{"x":6,"y":0,"h":2,"w":6}','viw3qge14qx','virc6ae7eok');
INSERT INTO undb_widge VALUES('widue819e88',1684661047519,1684661085400,NULL,'{"x":6,"y":0,"h":4,"w":6}','viw3qge14qx','vir4qvwxtmp');
INSERT INTO undb_widge VALUES('widtbx3szzn',1684661061383,1684661085371,1684661085370,'{"x":12,"y":0,"h":4,"w":6}','viw3qge14qx','vir585o7pkz');
CREATE TABLE IF NOT EXISTS "undb_view" (`id` text NOT NULL, `created_at` datetime NOT NULL, `updated_at` datetime NOT NULL, `deleted_at` datetime NULL, `table_id` text NULL, `name` text NOT NULL, `show_system_fields` integer NOT NULL DEFAULT false, `display_type` text check (`display_type` in ('kanban', 'calendar', 'grid', 'tree', 'dashboard')) NOT NULL CHECK (`display_type` in('kanban' , 'calendar' , 'grid' , 'tree' , 'dashboard')), `sorts` json NULL, `kanban_field_id` text NULL, `calendar_field_id` text NULL, `tree_field_id` text NULL, `filter` json NULL, `field_options` json NULL, `fields_order` text NULL, `pinned_fields` json NULL, `row_height` text NULL CHECK (`row_height` in('short' , 'medium' , 'tall')), CONSTRAINT `undb_view_table_id_foreign` FOREIGN KEY (`table_id`) REFERENCES `undb_table` (`id`) ON DELETE CASCADE ON UPDATE CASCADE, PRIMARY KEY (`id`));
INSERT INTO undb_view VALUES('viwnxi5l3qi',1684577267431,1684673367674,NULL,'tbl4undb0lh','Deal Tracker',0,'grid',NULL,'fld4sf2mdr8','fldjyupbqlm',NULL,NULL,NULL,'fldopx87187,fld7m4e9dbz,fld4sf2mdr8,fld7vd9ir75,fldx5w2pcft,fld8ql20jlm,fldxq7kp4eu,fldtefbcm18,fld5vld4clt,fldghc0rw09,fldjyupbqlm,fld0f8xaf8q,fldqpn61v8h,fld2u4gkap9','{"left":["fld7m4e9dbz"],"right":[]}','short');
INSERT INTO undb_view VALUES('viw1f88x075',1684577324094,1684599542886,NULL,'tblramxgp7z','Contacts',0,'grid',NULL,NULL,NULL,NULL,NULL,NULL,'flderd3a3rc,fldel2i4v7v,fldconkpc7g,fld7smzf5np,fldelspnzaq,fldpkr0phjz,fldmz9qd18u,fldcamelfi7,fld7a5vkk4j,fldqojjbrau,fldpq4mvj6c,fldtgvzjaoj,fldgbowxfbc','{"left":["fldel2i4v7v"],"right":[]}','short');
INSERT INTO undb_view VALUES('viw70p8od12',1684597096588,1684599441818,NULL,'tblwqjcq0x8','Company',0,'grid',NULL,NULL,NULL,NULL,NULL,NULL,'fldzfu3x1ft,fldo4mvc3bq,fldozbddvfk,fldapuzxp1y,fldurfpiosy,fld2mh42tvf,fldrjp6v8xl,fldlosp8skm,fldamnv8ghw',NULL,'short');
INSERT INTO undb_view VALUES('viw9p12yoag',1684599288325,1684599288325,NULL,'tbl4ezqb49a','Title',0,'grid',NULL,NULL,NULL,NULL,NULL,NULL,NULL,NULL,'short');
INSERT INTO undb_view VALUES('viw3qge14qx',1684655636183,1684673381078,NULL,'tbl2za35hbg','Employee onboarding',0,'grid',NULL,'fldr3t33atc','fldui7hrx2t',NULL,NULL,NULL,'fldo6wz3szd,fldskwotpjg,fldr3t33atc,fldd55dsm2m,fldxx0cyu8w,fldqjxpupfu,fld19njyj50,fld67w65koz,fld92yn7hcf,fldyxr4fgcj,fld52ryjekr,fldwbr3sb09,fldfpeufgq3,fldui7hrx2t,fld38j2aoqw,fldmjxybwnt,fldntjvterl,fldu3ll00ho,fldy60tdkfr,fld4a04leij,fldng2e0uhl,fldkd8gvemb,fld5pgga2xx','{"left":["fldskwotpjg"],"right":[]}','short');
INSERT INTO undb_view VALUES('viw2j74tv49',1684655754437,1684655754437,NULL,'tblruubokdc','Employees',0,'grid',NULL,NULL,NULL,NULL,NULL,NULL,NULL,NULL,'short');
CREATE TABLE `tbl4undb0lh` (`auto_increment` integer not null primary key autoincrement, `id` varchar(255) not null, `created_at` datetime not null default CURRENT_TIMESTAMP, `created_by` varchar(255) not null, `updated_at` datetime not null default CURRENT_TIMESTAMP, `updated_by` varchar(255) not null, `deleted_at` datetime null, `deleted_by` varchar(255), `fld7m4e9dbz` varchar(255), `fld4sf2mdr8` varchar(255), `fldghc0rw09` varchar(255), `fldjyupbqlm_from` datetime, `fldjyupbqlm_to` datetime, `fld0f8xaf8q` float, `fldqpn61v8h` datetime, `fld2u4gkap9` datetime);
INSERT INTO tbl4undb0lh VALUES(1,'recf03f2mz9','2023-05-20 16:07:55','usrzvhv8srb','2023-05-20 16:21:29','usrzvhv8srb',NULL,NULL,'Deal Name 1','optapz93','opty4o0z','2023-05-17T00:00:00.000Z','2023-06-30T00:00:00.000Z',10000.0,NULL,'2023-05-17T00:00:00.000Z');
INSERT INTO tbl4undb0lh VALUES(2,'recjpd9hcvj','2023-05-20 16:21:05','usrzvhv8srb','2023-05-20 16:21:05','usrzvhv8srb',NULL,NULL,'Deal Name 2','opts4t4w','optua38g','2023-05-04T00:00:00.000Z','2023-07-27T00:00:00.000Z',26000.0,NULL,'2023-05-04T00:00:00.000Z');
INSERT INTO tbl4undb0lh VALUES(3,'rec1mp03meb','2023-05-20 16:22:31','usrzvhv8srb','2023-05-20 16:22:31','usrzvhv8srb',NULL,NULL,'Deal Name 3','optdczmv','opt68d8z','2023-01-06T00:00:00.000Z','2023-05-12T00:00:00.000Z',37000.0,'2023-05-12T00:00:00.000Z','2023-01-06T00:00:00.000Z');
INSERT INTO tbl4undb0lh VALUES(4,'rec4cxfpnno','2023-05-20 16:23:26','usrzvhv8srb','2023-05-20 16:23:44','usrzvhv8srb',NULL,NULL,'Deal Name 4','optuo8m1','optua38g','2023-05-30T00:00:00.000Z','2024-01-31T00:00:00.000Z',100000.0,NULL,'2023-05-19T00:00:00.000Z');
CREATE TABLE `fldtefbcm18_collaborator` (`user_id` varchar(255) not null, `record_id` varchar(255) not null, foreign key(`user_id`) references `undb_user`(`id`), foreign key(`record_id`) references `tbl4undb0lh`(`id`), primary key (`record_id`, `user_id`));
CREATE TABLE `tblramxgp7z` (`auto_increment` integer not null primary key autoincrement, `id` varchar(255) not null, `created_at` datetime not null default CURRENT_TIMESTAMP, `created_by` varchar(255) not null, `updated_at` datetime not null default CURRENT_TIMESTAMP, `updated_by` varchar(255) not null, `deleted_at` datetime null, `deleted_by` varchar(255), `fldel2i4v7v` varchar(255), `fldcamelfi7` varchar(255), `fldqojjbrau` varchar(255), `fldovc5s8pe` varchar(255), `fldpq4mvj6c` varchar(255), `fldgbowxfbc` varchar(255));
INSERT INTO tblramxgp7z VALUES(1,'recqymnue1f','2023-05-20 16:09:42','usrzvhv8srb','2023-05-20 16:27:29','usrzvhv8srb',NULL,NULL,'Ambrose','opt88amk','Ambrose@email.com',NULL,'18765679998','');
INSERT INTO tblramxgp7z VALUES(2,'recth047g3f','2023-05-20 16:09:53','usrzvhv8srb','2023-05-20 16:28:16','usrzvhv8srb',NULL,NULL,'Vincent','opt0ucwc','Vincent@email.com',NULL,'13987467822','');
INSERT INTO tblramxgp7z VALUES(3,'rechywfw24h','2023-05-20 16:10:05','usrzvhv8srb','2023-05-20 17:16:34','usrzvhv8srb',NULL,NULL,'James','optqutxq','James@email.com',NULL,'17866547899','');
INSERT INTO tblramxgp7z VALUES(4,'recqjdtn4wj','2023-05-20 16:10:31','usrzvhv8srb','2023-05-20 17:17:35','usrzvhv8srb',NULL,NULL,'Bertran','opt88amk','Bertran@email.com',NULL,'13336457899','');
CREATE TABLE `fld5vld4clt_tblramxgp7z_adjacency_list` (`to_id` varchar(255) not null, `from_id` varchar(255) not null, foreign key(`to_id`) references `tblramxgp7z`(`id`), foreign key(`from_id`) references `tbl4undb0lh`(`id`), primary key (`to_id`, `from_id`));
INSERT INTO fld5vld4clt_tblramxgp7z_adjacency_list VALUES('recqymnue1f','recf03f2mz9');
INSERT INTO fld5vld4clt_tblramxgp7z_adjacency_list VALUES('recth047g3f','recjpd9hcvj');
INSERT INTO fld5vld4clt_tblramxgp7z_adjacency_list VALUES('rechywfw24h','rec1mp03meb');
INSERT INTO fld5vld4clt_tblramxgp7z_adjacency_list VALUES('recqjdtn4wj','rec4cxfpnno');
CREATE TABLE `tblwqjcq0x8` (`auto_increment` integer not null primary key autoincrement, `id` varchar(255) not null, `created_at` datetime not null default CURRENT_TIMESTAMP, `created_by` varchar(255) not null, `updated_at` datetime not null default CURRENT_TIMESTAMP, `updated_by` varchar(255) not null, `deleted_at` datetime null, `deleted_by` varchar(255), `fldo4mvc3bq` varchar(255), `fldrlmpebtz` varchar(255), `fldamnv8ghw` varchar(255));
INSERT INTO tblwqjcq0x8 VALUES(1,'rec16l53qwc','2023-05-20 16:10:44','usrzvhv8srb','2023-05-20 16:25:06','usrzvhv8srb',NULL,NULL,'Company Name 1','CEO','CEO');
INSERT INTO tblwqjcq0x8 VALUES(2,'recwth68evr','2023-05-20 16:11:03','usrzvhv8srb','2023-05-20 17:21:07','usrzvhv8srb',NULL,NULL,'Company Name 2','COO','COO');
INSERT INTO tblwqjcq0x8 VALUES(3,'rec4gj4ju56','2023-05-20 16:13:45','usrzvhv8srb','2023-05-20 17:21:21','usrzvhv8srb',NULL,NULL,'Company Name 3','CPO','CPO');
CREATE TABLE `fldtgvzjaoj_tblwqjcq0x8_adjacency_list` (`to_id` varchar(255) not null, `from_id` varchar(255) not null, foreign key(`to_id`) references `tblwqjcq0x8`(`id`), foreign key(`from_id`) references `tblramxgp7z`(`id`), primary key (`to_id`, `from_id`));
INSERT INTO fldtgvzjaoj_tblwqjcq0x8_adjacency_list VALUES('rec16l53qwc','recqymnue1f');
INSERT INTO fldtgvzjaoj_tblwqjcq0x8_adjacency_list VALUES('recwth68evr','recth047g3f');
INSERT INTO fldtgvzjaoj_tblwqjcq0x8_adjacency_list VALUES('rec4gj4ju56','rechywfw24h');
INSERT INTO fldtgvzjaoj_tblwqjcq0x8_adjacency_list VALUES('rec4gj4ju56','recqjdtn4wj');
CREATE TABLE `fld6pd0v553_tblwqjcq0x8_closure_table` (`child_id` varchar(255) not null, `parent_id` varchar(255) not null, `depth` integer not null default '0', foreign key(`child_id`) references `tblwqjcq0x8`(`id`) on delete CASCADE, foreign key(`parent_id`) references `tblwqjcq0x8`(`id`) on delete CASCADE, primary key (`child_id`, `parent_id`));
INSERT INTO fld6pd0v553_tblwqjcq0x8_closure_table VALUES('rec16l53qwc','rec16l53qwc',0);
INSERT INTO fld6pd0v553_tblwqjcq0x8_closure_table VALUES('recwth68evr','recwth68evr',0);
CREATE TABLE `tbl4ezqb49a` (`auto_increment` integer not null primary key autoincrement, `id` varchar(255) not null, `created_at` datetime not null default CURRENT_TIMESTAMP, `created_by` varchar(255) not null, `updated_at` datetime not null default CURRENT_TIMESTAMP, `updated_by` varchar(255) not null, `deleted_at` datetime null, `deleted_by` varchar(255), `fldvpb5tbbc` varchar(255));
INSERT INTO tbl4ezqb49a VALUES(1,'rec2qr07yes','2023-05-20 16:14:59','usrzvhv8srb','2023-05-20 16:14:59','usrzvhv8srb',NULL,NULL,'CEO');
INSERT INTO tbl4ezqb49a VALUES(2,'rec65i96nud','2023-05-20 16:15:04','usrzvhv8srb','2023-05-20 16:15:04','usrzvhv8srb',NULL,NULL,'COO');
INSERT INTO tbl4ezqb49a VALUES(3,'reca1g9gntv','2023-05-20 16:15:12','usrzvhv8srb','2023-05-20 16:15:12','usrzvhv8srb',NULL,NULL,'CFO');
INSERT INTO tbl4ezqb49a VALUES(4,'rec6vxgt0pa','2023-05-20 16:15:17','usrzvhv8srb','2023-05-20 16:15:17','usrzvhv8srb',NULL,NULL,'CPO');
CREATE TABLE `fldlosp8skm_tbl4ezqb49a_adjacency_list` (`to_id` varchar(255) not null, `from_id` varchar(255) not null, foreign key(`to_id`) references `tbl4ezqb49a`(`id`), foreign key(`from_id`) references `tblwqjcq0x8`(`id`), primary key (`to_id`, `from_id`));
INSERT INTO fldlosp8skm_tbl4ezqb49a_adjacency_list VALUES('rec2qr07yes','rec16l53qwc');
INSERT INTO fldlosp8skm_tbl4ezqb49a_adjacency_list VALUES('rec65i96nud','recwth68evr');
INSERT INTO fldlosp8skm_tbl4ezqb49a_adjacency_list VALUES('rec6vxgt0pa','rec4gj4ju56');
CREATE TABLE `tbl2za35hbg` (`auto_increment` integer not null primary key autoincrement, `id` varchar(255) not null, `created_at` datetime not null default CURRENT_TIMESTAMP, `created_by` varchar(255) not null, `updated_at` datetime not null default CURRENT_TIMESTAMP, `updated_by` varchar(255) not null, `deleted_at` datetime null, `deleted_by` varchar(255), `fldskwotpjg` varchar(255), `fldr3t33atc` varchar(255), `fldxx0cyu8w` varchar(255), `fldqjxpupfu` varchar(255), `fld19njyj50` varchar(255), `fld67w65koz` varchar(255), `fldui7hrx2t` datetime, `fld38j2aoqw` varchar(255), `fldmjxybwnt` varchar(255), `fldntjvterl` varchar(255), `fldu3ll00ho` varchar(255), `fldy60tdkfr` varchar(255), `fld4a04leij` varchar(255), `fldkd8gvemb` float, `fld5pgga2xx` float);
INSERT INTO tbl2za35hbg VALUES(1,'rec6tm3pudz','2023-05-21 08:57:05','usrzvhv8srb','2023-05-21 09:15:32','usrzvhv8srb',NULL,NULL,'Employee 1','optsgc8w','Employee1@email.com','18976548765','Product marketing','opt8h6fl','2023-07-01T00:00:00.000Z','opttmurc','optqqamc','opt27124','','optybpi2','optsij84',0.0,0.0);
INSERT INTO tbl2za35hbg VALUES(2,'rec4totdobf','2023-05-21 08:58:39','usrzvhv8srb','2023-05-21 09:15:25','usrzvhv8srb',NULL,NULL,'Employee 2','optsgc8w','Employee2@email.com','17887655643','Accountant','opt44dfp','2023-08-04T00:00:00.000Z','opttmurc','optqqamc','opt27124','','optybpi2','optsij84',0.0,0.0);
INSERT INTO tbl2za35hbg VALUES(3,'reclt43wagf','2023-05-21 08:58:57','usrzvhv8srb','2023-05-21 09:01:59','usrzvhv8srb',NULL,NULL,'Employee 3','opt8ef1v','Employee3@email.com','18765983622','Customer support','opts4ao9','2023-04-12T00:00:00.000Z','opt4lu2m','optlhx0u','opt0cxih','','optybpi2','optsij84',0.0,0.0);
INSERT INTO tbl2za35hbg VALUES(4,'recbgbz1xcz','2023-05-21 08:59:02','usrzvhv8srb','2023-05-21 09:03:39','usrzvhv8srb',NULL,NULL,'Employee 4','optgin1z','Employee4@email.com','19090909876','Accountant','opt44dfp','2023-04-01T00:00:00.000Z','opt4lu2m','optlhx0u','opt0cxih','','optybpi2','optsij84',3.0,5.0);
INSERT INTO tbl2za35hbg VALUES(5,'rec6zbygjkn','2023-05-21 08:59:07','usrzvhv8srb','2023-05-21 09:05:13','usrzvhv8srb',NULL,NULL,'Employee 5','opt8ef1v','Employee5@email.com','18790654342','Product marketing','opt8h6fl','2023-05-22T00:00:00.000Z','opt4lu2m','optlhx0u','opt27124','','optap9r0','optsij84',0.0,0.0);
INSERT INTO tbl2za35hbg VALUES(6,'rec7qr912bx','2023-05-21 08:59:12','usrzvhv8srb','2023-05-21 09:06:43','usrzvhv8srb',NULL,NULL,'Employee 6','optjsdp6','employee6@email.com','15647872653','Product marketing','opt8h6fl','2023-05-15T00:00:00.000Z','opt4lu2m','optlhx0u','opt0cxih','','optz8twl','optukskn',0.0,2.0);
INSERT INTO tbl2za35hbg VALUES(7,'recv2huajbe','2023-05-21 08:59:17','usrzvhv8srb','2023-05-21 09:08:24','usrzvhv8srb',NULL,NULL,'Employee 7','optsgc8w','employee7@email.com','','Software developer','optjehd9','2023-05-31T00:00:00.000Z','opttmurc','optqqamc','opt6moby','','optybpi2','optsij84',0.0,0.0);
INSERT INTO tbl2za35hbg VALUES(8,'recus5nov9q','2023-05-21 08:59:22','usrzvhv8srb','2023-05-21 09:09:32','usrzvhv8srb',NULL,NULL,'Employee 8','optgin1z','employee8@email.com','19823456786','UI ','optpg4ya','2023-04-10T00:00:00.000Z','opt4lu2m','optlhx0u','opt0cxih','','optap9r0','optzq9lr',0.0,0.0);
INSERT INTO tbl2za35hbg VALUES(9,'rechqk7yzm5','2023-05-21 08:59:28','usrzvhv8srb','2023-05-21 09:10:58','usrzvhv8srb',NULL,NULL,'Employee 9','optlottl','employee9@email.com','12345436765','CTO','opt0g9hh','2023-03-15T00:00:00.000Z','opt4lu2m','optlhx0u','opt0cxih','','optap9r0','optuqbtr',5.0,5.0);
INSERT INTO tbl2za35hbg VALUES(10,'rec794hljl2','2023-05-21 08:59:40','usrzvhv8srb','2023-05-21 09:12:10','usrzvhv8srb',NULL,NULL,'Employee 10','optlottl','employee9@email.com','19654372655','CPO','opt0g9hh','2023-02-22T00:00:00.000Z','opt4lu2m','optlhx0u','opt0cxih','','optap9r0','optuqbtr',2.0,2.0);
INSERT INTO tbl2za35hbg VALUES(11,'rec8rft252j','2023-05-21 08:59:45','usrzvhv8srb','2023-05-21 09:13:46','usrzvhv8srb',NULL,NULL,'Employee 11','optlottl','employee11@email.com','15467678989','frontend developer','optjehd9','2022-12-08T00:00:00.000Z','opt4lu2m','optlhx0u','opt0cxih','','optap9r0','optuqbtr',4.0,2.0);
INSERT INTO tbl2za35hbg VALUES(12,'rec6fc5uqah','2023-05-21 08:59:52','usrzvhv8srb','2023-05-21 09:14:56','usrzvhv8srb',NULL,NULL,'Employee 12','optsgc8w','employee12@email.com','12345678976','UX','optpg4ya','2023-05-23T00:00:00.000Z','optks9w7','opt4ra5l','opt6moby','','optybpi2','optsij84',3.0,5.0);
INSERT INTO tbl2za35hbg VALUES(13,'rech888ljz8','2023-05-21 08:59:57','usrzvhv8srb','2023-05-21 09:16:42','usrzvhv8srb',NULL,NULL,'Employee 13','optlottl','Employee13@email.com','16666666666','Security','optk8vx1','2021-06-15T00:00:00.000Z','opt4lu2m','optlhx0u','opt0cxih','','optap9r0','optuqbtr',3.0,1.0);
INSERT INTO tbl2za35hbg VALUES(14,'rec7hkzhrq6','2023-05-21 09:00:03','usrzvhv8srb','2023-05-21 09:17:48','usrzvhv8srb',NULL,NULL,'Employee 14','opt8ef1v','Employee14@email.com','15555555555','Backend developer','optjehd9','2023-05-19T00:00:00.000Z','opt4lu2m','optlhx0u','opt0cxih','','optz8twl','optukskn',5.0,5.0);
INSERT INTO tbl2za35hbg VALUES(15,'rec5w6qead5','2023-05-21 09:00:07','usrzvhv8srb','2023-05-21 09:20:45','usrzvhv8srb',NULL,NULL,'Employee 15','optjsdp6','Employee15@email.com','17777777777','Sales','optrhqo9','2023-05-12T00:00:00.000Z','opt4lu2m','optlhx0u','opt0cxih','','optz8twl','optukskn',3.0,5.0);
INSERT INTO tbl2za35hbg VALUES(16,'rechsnajzjc','2023-05-21 09:00:17','usrzvhv8srb','2023-05-21 09:21:45','usrzvhv8srb',NULL,NULL,'Employee 16','optgin1z','Employee16@email.com','16677778888','IOS','optuieaz','2023-04-06T00:00:00.000Z','opt4lu2m','optlhx0u','opt0cxih','','optap9r0','optuqbtr',3.0,5.0);
INSERT INTO tbl2za35hbg VALUES(17,'recy6sdnb04','2023-05-21 09:00:23','usrzvhv8srb','2023-05-21 09:22:36','usrzvhv8srb',NULL,NULL,'Employee 17','optlottl','Employee17@email.com','15454546767','Sales','optrhqo9','2023-03-09T00:00:00.000Z','opt4lu2m','optlhx0u','opt0cxih','','optap9r0','optuqbtr',5.0,5.0);
CREATE TABLE `fldd55dsm2m_collaborator` (`user_id` varchar(255) not null, `record_id` varchar(255) not null, foreign key(`user_id`) references `undb_user`(`id`), foreign key(`record_id`) references `tbl2za35hbg`(`id`), primary key (`record_id`, `user_id`));
CREATE TABLE `tblruubokdc` (`auto_increment` integer not null primary key autoincrement, `id` varchar(255) not null, `created_at` datetime not null default CURRENT_TIMESTAMP, `created_by` varchar(255) not null, `updated_at` datetime not null default CURRENT_TIMESTAMP, `updated_by` varchar(255) not null, `deleted_at` datetime null, `deleted_by` varchar(255), `fldhrrqqlqh` varchar(255), `fld0gmmj29q` varchar(255));
INSERT INTO tblruubokdc VALUES(1,'recm1kabi9l','2023-05-21 08:54:22','usrzvhv8srb','2023-05-21 08:54:22','usrzvhv8srb',NULL,NULL,'Vincent','manager 1');
INSERT INTO tblruubokdc VALUES(2,'recjh3moqxr','2023-05-21 08:54:46','usrzvhv8srb','2023-05-21 08:54:46','usrzvhv8srb',NULL,NULL,'Jason','manager 2');
CREATE TABLE `fldfpeufgq3_tblruubokdc_adjacency_list` (`to_id` varchar(255) not null, `from_id` varchar(255) not null, foreign key(`to_id`) references `tblruubokdc`(`id`), foreign key(`from_id`) references `tbl2za35hbg`(`id`), primary key (`to_id`, `from_id`));
INSERT INTO fldfpeufgq3_tblruubokdc_adjacency_list VALUES('recm1kabi9l','rec6tm3pudz');
INSERT INTO fldfpeufgq3_tblruubokdc_adjacency_list VALUES('recjh3moqxr','rec4totdobf');
INSERT INTO fldfpeufgq3_tblruubokdc_adjacency_list VALUES('recjh3moqxr','recbgbz1xcz');
INSERT INTO fldfpeufgq3_tblruubokdc_adjacency_list VALUES('recm1kabi9l','rec6zbygjkn');
INSERT INTO fldfpeufgq3_tblruubokdc_adjacency_list VALUES('recm1kabi9l','rec7qr912bx');
INSERT INTO fldfpeufgq3_tblruubokdc_adjacency_list VALUES('recm1kabi9l','recv2huajbe');
INSERT INTO fldfpeufgq3_tblruubokdc_adjacency_list VALUES('recm1kabi9l','recus5nov9q');
INSERT INTO fldfpeufgq3_tblruubokdc_adjacency_list VALUES('recjh3moqxr','rechqk7yzm5');
INSERT INTO fldfpeufgq3_tblruubokdc_adjacency_list VALUES('recm1kabi9l','rec8rft252j');
INSERT INTO fldfpeufgq3_tblruubokdc_adjacency_list VALUES('recjh3moqxr','rec6fc5uqah');
INSERT INTO fldfpeufgq3_tblruubokdc_adjacency_list VALUES('recjh3moqxr','rech888ljz8');
INSERT INTO fldfpeufgq3_tblruubokdc_adjacency_list VALUES('recm1kabi9l','rec7hkzhrq6');
INSERT INTO fldfpeufgq3_tblruubokdc_adjacency_list VALUES('recm1kabi9l','rec5w6qead5');
INSERT INTO fldfpeufgq3_tblruubokdc_adjacency_list VALUES('recm1kabi9l','rechsnajzjc');
INSERT INTO fldfpeufgq3_tblruubokdc_adjacency_list VALUES('recm1kabi9l','recy6sdnb04');
CREATE TABLE `fldng2e0uhl_collaborator` (`user_id` varchar(255) not null, `record_id` varchar(255) not null, foreign key(`user_id`) references `undb_user`(`id`), foreign key(`record_id`) references `tbl2za35hbg`(`id`), primary key (`record_id`, `user_id`));
DELETE FROM sqlite_sequence;
INSERT INTO sqlite_sequence VALUES('mikro_orm_migrations',5);
INSERT INTO sqlite_sequence VALUES('tbl4undb0lh',4);
INSERT INTO sqlite_sequence VALUES('tblramxgp7z',4);
INSERT INTO sqlite_sequence VALUES('tblwqjcq0x8',3);
INSERT INTO sqlite_sequence VALUES('tbl4ezqb49a',4);
INSERT INTO sqlite_sequence VALUES('tblruubokdc',2);
INSERT INTO sqlite_sequence VALUES('tbl2za35hbg',17);
CREATE INDEX `undb_table_deleted_at_index` on `undb_table` (`deleted_at`);
CREATE INDEX `undb_field_deleted_at_index` on `undb_field` (`deleted_at`);
CREATE INDEX `undb_field_table_id_index` on `undb_field` (`table_id`);
CREATE INDEX `undb_field_type_index` on `undb_field` (`type`);
CREATE INDEX `undb_field_foreign_table_id_index` on `undb_field` (`foreign_table_id`);
CREATE UNIQUE INDEX `undb_field_symmetric_reference_field_id_unique` on `undb_field` (`symmetric_reference_field_id`);
CREATE INDEX `undb_field_count_reference_field_id_index` on `undb_field` (`count_reference_field_id`);
CREATE INDEX `undb_field_lookup_reference_field_id_index` on `undb_field` (`lookup_reference_field_id`);
CREATE INDEX `undb_field_sum_reference_field_id_index` on `undb_field` (`sum_reference_field_id`);
CREATE INDEX `undb_field_sum_aggregate_field_id_index` on `undb_field` (`sum_aggregate_field_id`);
CREATE INDEX `undb_field_average_reference_field_id_index` on `undb_field` (`average_reference_field_id`);
CREATE INDEX `undb_field_average_aggregate_field_id_index` on `undb_field` (`average_aggregate_field_id`);
CREATE INDEX `undb_option_deleted_at_index` on `undb_option` (`deleted_at`);
CREATE INDEX `undb_option_field_id_index` on `undb_option` (`field_id`);
CREATE INDEX `undb_attachment_deleted_at_index` on `undb_attachment` (`deleted_at`);
CREATE INDEX `undb_attachment_table_id_index` on `undb_attachment` (`table_id`);
CREATE INDEX `undb_attachment_mime_type_index` on `undb_attachment` (`mime_type`);
CREATE INDEX `undb_attachment_name_index` on `undb_attachment` (`name`);
CREATE INDEX `undb_attachment_size_index` on `undb_attachment` (`size`);
CREATE INDEX `undb_attachment_extension_index` on `undb_attachment` (`extension`);
CREATE INDEX `undb_field_display_fields_field_1_id_index` on `undb_field_display_fields` (`field_1_id`);
CREATE INDEX `undb_field_display_fields_field_2_id_index` on `undb_field_display_fields` (`field_2_id`);
CREATE INDEX `undb_user_deleted_at_index` on `undb_user` (`deleted_at`);
CREATE INDEX `undb_user_username_index` on `undb_user` (`username`);
CREATE INDEX `undb_user_email_index` on `undb_user` (`email`);
CREATE UNIQUE INDEX `undb_user_email_unique` on `undb_user` (`email`);
CREATE INDEX `undb_virsualization_deleted_at_index` on `undb_virsualization` (`deleted_at`);
CREATE INDEX `undb_virsualization_type_index` on `undb_virsualization` (`type`);
CREATE INDEX `undb_virsualization_table_id_index` on `undb_virsualization` (`table_id`);
CREATE INDEX `undb_widge_deleted_at_index` on `undb_widge` (`deleted_at`);
CREATE INDEX `undb_widge_view_id_index` on `undb_widge` (`view_id`);
CREATE UNIQUE INDEX `undb_widge_virsualization_id_unique` on `undb_widge` (`virsualization_id`);
CREATE INDEX `undb_view_deleted_at_index` on `undb_view` (`deleted_at`);
CREATE INDEX `undb_view_table_id_index` on `undb_view` (`table_id`);
CREATE TRIGGER update_at_update_tbl4undb0lh AFTER UPDATE ON `tbl4undb0lh`
		BEGIN
			update `tbl4undb0lh` SET updated_at = datetime('now') WHERE id = NEW.id;
		END;
CREATE UNIQUE INDEX `tbl4undb0lh_id_unique` on `tbl4undb0lh` (`id`)
      ;
CREATE TRIGGER update_at_update_tblramxgp7z AFTER UPDATE ON `tblramxgp7z`
		BEGIN
			update `tblramxgp7z` SET updated_at = datetime('now') WHERE id = NEW.id;
		END;
CREATE UNIQUE INDEX `tblramxgp7z_id_unique` on `tblramxgp7z` (`id`)
      ;
CREATE TRIGGER update_at_update_tblwqjcq0x8 AFTER UPDATE ON `tblwqjcq0x8`
		BEGIN
			update `tblwqjcq0x8` SET updated_at = datetime('now') WHERE id = NEW.id;
		END;
CREATE UNIQUE INDEX `tblwqjcq0x8_id_unique` on `tblwqjcq0x8` (`id`)
      ;
CREATE INDEX `fld6pd0v553_tblwqjcq0x8_closure_table_depth_index` on `fld6pd0v553_tblwqjcq0x8_closure_table` (`depth`)
       ;
CREATE TRIGGER update_at_update_tbl4ezqb49a AFTER UPDATE ON `tbl4ezqb49a`
		BEGIN
			update `tbl4ezqb49a` SET updated_at = datetime('now') WHERE id = NEW.id;
		END;
CREATE UNIQUE INDEX `tbl4ezqb49a_id_unique` on `tbl4ezqb49a` (`id`)
      ;
CREATE TRIGGER update_at_update_tbl2za35hbg AFTER UPDATE ON `tbl2za35hbg`
		BEGIN
			update `tbl2za35hbg` SET updated_at = datetime('now') WHERE id = NEW.id;
		END;
CREATE UNIQUE INDEX `tbl2za35hbg_id_unique` on `tbl2za35hbg` (`id`)
      ;
CREATE TRIGGER update_at_update_tblruubokdc AFTER UPDATE ON `tblruubokdc`
		BEGIN
			update `tblruubokdc` SET updated_at = datetime('now') WHERE id = NEW.id;
		END;
CREATE UNIQUE INDEX `tblruubokdc_id_unique` on `tblruubokdc` (`id`)
      ;
COMMIT;
